913,"Hello 2018",2848
773,"VK Cup 2017 - Round 3",2247
806,"Codeforces Round #412 (rated, Div. 1, based on VK Cup 2017 Round 3)",2247
807,"Codeforces Round #412 (rated, Div. 2, base on VK Cup 2017 Round 3)",2247
1097,"Hello 2019",1909
549,"Looksery Cup 2015",1426
611,"Good Bye 2015",1387
1205,"Codeforces Round #580 (Div. 1)",1335
1206,"Codeforces Round #580 (Div. 2)",1335
908,"Good Bye 2017",1310
538,"Codeforces Round #300",1212
515,"Codeforces Round #292 (Div. 2)",1116
516,"Codeforces Round #292 (Div. 1)",1116
1149,"Codeforces Round #556 (Div. 1)",1064
1150,"Codeforces Round #556 (Div. 2)",1064
1091,"Good Bye 2018",1032
901,"Codeforces Round #453 (Div. 1)",959
902,"Codeforces Round #453 (Div. 2)",959
526,"ZeptoLab Code Rush 2015",886
1178,"Codeforces Global Round 4",875
1007,"Codeforces Round #497 (Div. 1)",859
1008,"Codeforces Round #497 (Div. 2)",859
535,"Codeforces Round #299 (Div. 2)",814
536,"Codeforces Round #299 (Div. 1)",814
1017,"Codeforces Round #502 (in memory of Leopoldo Taravilse, Div. 1 + Div. 2)",812
1141,"Codeforces Round #547 (Div. 3)",809
472,"Codeforces Round #270",794
1038,"Codeforces Round #508 (Div. 2)",784
601,"Codeforces Round #333 (Div. 1)",770
965,"Codeforces Round #476 (Div. 2) [Thanks, Telegram!]",764
500,"Good Bye 2014",758
917,"Codeforces Round #459 (Div. 1)",750
918,"Codeforces Round #459 (Div. 2)",750
436,"Zepto Code Rush 2014",726
815,"Codeforces Round #419 (Div. 1)",724
816,"Codeforces Round #419 (Div. 2)",724
587,"Codeforces Round #326 (Div. 1)",721
588,"Codeforces Round #326 (Div. 2)",721
618,"Wunder Fund Round 2016 (Div. 1 + Div. 2 combined)",707
489,"Codeforces Round #277.5 (Div. 2)",697
666,"Codeforces Round #349 (Div. 1)",694
667,"Codeforces Round #349 (Div. 2)",694
679,"Codeforces Round #356 (Div. 1)",687
680,"Codeforces Round #356 (Div. 2)",687
922,"Codeforces Round #461 (Div. 2)",674
687,"Codeforces Round #360 (Div. 1)",658
688,"Codeforces Round #360 (Div. 2)",658
1208,"Manthan, Codefest 19 (open for everyone, rated, Div. 1 + Div. 2)",656
986,"Codeforces Round #485 (Div. 1)",656
987,"Codeforces Round #485 (Div. 2)",656
1110,"Codeforces Global Round 1",655
1098,"Codeforces Round #530 (Div. 1)",645
1099,"Codeforces Round #530 (Div. 2)",645
891,"Codeforces Round #446 (Div. 1)",642
892,"Codeforces Round #446 (Div. 2)",642
512,"Codeforces Round #290 (Div. 1)",636
510,"Codeforces Round #290 (Div. 2)",636
547,"Codeforces Round #305 (Div. 1)",622
548,"Codeforces Round #305 (Div. 2)",622
1188,"Codeforces Round #572 (Div. 1)",621
1189,"Codeforces Round #572 (Div. 2)",621
513,"Rockethon 2015",607
656,"April Fools Day Contest 2016",605
464,"Codeforces Round #265 (Div. 1)",604
465,"Codeforces Round #265 (Div. 2)",604
496,"Codeforces Round #283 (Div. 2)",595
497,"Codeforces Round #283 (Div. 1)",595
452,"MemSQL Start[c]UP 2.0 - Round 1",592
1109,"Codeforces Round #539 (Div. 1)",584
1113,"Codeforces Round #539 (Div. 2)",584
886,"§´§Ö§ç§ß§à§Ü§å§Ò§à§Ü 2018 - §°§ä§Ò§à§â§à§é§ß§í§Û §²§Ñ§å§ß§Õ 3",584
889,"Codeforces Round #445 (Div. 1, based on Technocup 2018 Elimination Round 3)",584
890,"Codeforces Round #445 (Div. 2, based on Technocup 2018 Elimination Round 3)",584
1200,"Codeforces Round #578 (Div. 2)",583
1114,"Codeforces Round #538 (Div. 2)",573
833,"Codeforces Round #426 (Div. 1)",573
834,"Codeforces Round #426 (Div. 2)",573
1100,"Codeforces Round #532 (Div. 2)",569
553,"Codeforces Round #309 (Div. 1)",567
554,"Codeforces Round #309 (Div. 2)",567
981,"Avito Code Challenge 2018",565
1081,"Avito Cool Challenge 2018",557
718,"Codeforces Round #373 (Div. 1)",557
719,"Codeforces Round #373 (Div. 2)",557
437,"Codeforces Round #250 (Div. 2)",557
438,"Codeforces Round #250 (Div. 1)",557
750,"Good Bye 2016",556
1043,"Codeforces Round #519 by Botan Investments",544
933,"Codeforces Round #462 (Div. 1)",544
934,"Codeforces Round #462 (Div. 2)",544
757,"Codecraft-17 and Codeforces Round #391 (Div. 1 + Div. 2, combined)",532
1179,"Codeforces Round #569 (Div. 1)",529
1180,"Codeforces Round #569 (Div. 2)",529
592,"Codeforces Round #328 (Div. 2)",523
590,"Codeforces Round #327 (Div. 1)",522
1061,"Codeforces Round #523 (Div. 2)",517
1182,"Codeforces Round #566 (Div. 2)",514
708,"AIM Tech Round 3 (Div. 1)",514
471,"Codeforces Round #269 (Div. 2)",511
613,"Codeforces Round #339 (Div. 1)",501
614,"Codeforces Round #339 (Div. 2)",501
912,"Codeforces Round #456 (Div. 2)",499
786,"Codeforces Round #406 (Div. 1)",493
787,"Codeforces Round #406 (Div. 2)",493
1153,"Codeforces Round #551 (Div. 2)",490
952,"April Fools Contest 2018",490
935,"Codeforces Round #465 (Div. 2)",480
744,"Codeforces Round #385 (Div. 1)",477
745,"Codeforces Round #385 (Div. 2)",477
1088,"Codeforces Round #525 (Div. 2)",476
571,"Codeforces Round #317 [AimFund Thanks-Round] (Div. 1)",468
572,"Codeforces Round #317 [AimFund Thanks-Round] (Div. 2)",468
520,"Codeforces Round #295 (Div. 2)",468
521,"Codeforces Round #295 (Div. 1)",468
1174,"Codeforces Round #563 (Div. 2)",466
670,"Codeforces Round #350 (Div. 2)",466
603,"Codeforces Round #334 (Div. 1)",466
604,"Codeforces Round #334 (Div. 2)",466
799,"Playrix Codescapes Cup (Codeforces Round #413, rated, Div. 1 + Div. 2)",464
453,"Codeforces Round #259 (Div. 1)",462
454,"Codeforces Round #259 (Div. 2)",462
685,"Codeforces Round #359 (Div. 1)",461
686,"Codeforces Round #359 (Div. 2)",461
741,"Codeforces Round #383 (Div. 1)",459
742,"Codeforces Round #383 (Div. 2)",459
914,"Codecraft-18 and Codeforces Round #458 (Div. 1 + Div. 2, combined)",458
442,"Codeforces Round #253 (Div. 1)",458
443,"Codeforces Round #253 (Div. 2)",458
1136,"Codeforces Round #546 (Div. 2)",454
605,"Codeforces Round #335 (Div. 1)",452
977,"Codeforces Round #479 (Div. 3)",451
1145,"April Fools Day Contest 2019",446
264,"Codeforces Round #162 (Div. 1)",446
265,"Codeforces Round #162 (Div. 2)",446
989,"Codeforces Round #487 (Div. 2)",444
698,"Codeforces Round #363 (Div. 1)",444
699,"Codeforces Round #363 (Div. 2)",444
650,"Codeforces Round #345 (Div. 1)",443
651,"Codeforces Round #345 (Div. 2)",443
696,"Codeforces Round #362 (Div. 1)",441
697,"Codeforces Round #362 (Div. 2)",441
1106,"Codeforces Round #536 (Div. 2)",438
1152,"Codeforces Round #554 (Div. 2)",436
778,"Codeforces Round #402 (Div. 1)",429
779,"Codeforces Round #402 (Div. 2)",429
822,"Codeforces Round #422 (Div. 2)",428
607,"Codeforces Round #336 (Div. 1)",427
608,"Codeforces Round #336 (Div. 2)",427
793,"Tinkoff Challenge - Elimination Round",424
1146,"Forethought Future Cup - Elimination Round",423
715,"Codeforces Round #372 (Div. 1)",423
716,"Codeforces Round #372 (Div. 2)",423
582,"Codeforces Round #323 (Div. 1)",423
583,"Codeforces Round #323 (Div. 2)",423
1172,"Codeforces Round #564 (Div. 1)",421
1173,"Codeforces Round #564 (Div. 2)",421
461,"Codeforces Round #263 (Div. 1)",420
462,"Codeforces Round #263 (Div. 2)",420
1190,"Codeforces Round #573 (Div. 1)",415
1191,"Codeforces Round #573 (Div. 2)",415
599,"Codeforces Round #332 (Div. 2)",415
848,"Codeforces Round #431 (Div. 1)",414
849,"Codeforces Round #431 (Div. 2)",414
788,"Codeforces Round #407 (Div. 1)",414
789,"Codeforces Round #407 (Div. 2)",414
1002,"Microsoft Q# Coding Contest - Summer 2018",413
1001,"Microsoft Q# Coding Contest - Summer 2018 - Warmup",413
859,"MemSQL Start[c]UP 3.0 - Round 1",413
755,"8VC Venture Cup 2017 - Elimination Round",408
290,"April Fools Day Contest 2013",406
992,"Codeforces Round #489 (Div. 2)",405
895,"Codeforces Round #448 (Div. 2)",405
794,"Tinkoff Challenge - Final Round (Codeforces Round #414, rated, Div. 1 + Div. 2)",404
919,"Codeforces Round #460 (Div. 2)",402
405,"Codeforces Round #238 (Div. 2)",402
406,"Codeforces Round #238 (Div. 1)",402
288,"Codeforces Round #177 (Div. 1)",400
1184,"Helvetic Coding Contest 2019 online mirror (teams allowed, unrated)",399
555,"Codeforces Round #310 (Div. 1)",392
556,"Codeforces Round #310 (Div. 2)",392
827,"Codeforces Round #423 (Div. 1, rated, based on VK Cup Finals)",389
828,"Codeforces Round #423 (Div. 2, rated, based on VK Cup Finals)",389
706,"Codeforces Round #367 (Div. 2)",387
494,"Codeforces Round #282 (Div. 1)",383
495,"Codeforces Round #282 (Div. 2)",383
455,"Codeforces Round #260 (Div. 1)",383
456,"Codeforces Round #260 (Div. 2)",383
329,"Codeforces Round #192 (Div. 1)",382
330,"Codeforces Round #192 (Div. 2)",382
1028,"AIM Tech Round 5 (rated, Div. 1 + Div. 2)",381
991,"Codeforces Round #491 (Div. 2)",380
573,"Codeforces Round #318 [RussianCodeCup Thanks-Round] (Div. 1)",380
574,"Codeforces Round #318 [RussianCodeCup Thanks-Round] (Div. 2)",380
1004,"Codeforces Round #495 (Div. 2)",379
1012,"Codeforces Round #500 (Div. 1) [based on EJOI]",378
1013,"Codeforces Round #500 (Div. 2) [based on EJOI]",378
541,"VK Cup 2015 - §²§Ñ§å§ß§Õ 3",375
542,"VK Cup 2015 - Round 3 (unofficial online mirror, Div. 1 only)",375
784,"April Fools Contest 2017",374
700,"Codeforces Round #364 (Div. 1)",372
701,"Codeforces Round #364 (Div. 2)",372
409,"April Fools Day Contest 2014",370
527,"Codeforces Round #296 (Div. 2)",368
528,"Codeforces Round #296 (Div. 1)",368
959,"Codeforces Round #473 (Div. 2)",367
193,"Codeforces Round #122 (Div. 1)",367
194,"Codeforces Round #122 (Div. 2)",367
722,"Intel Code Challenge Elimination Round (Div. 1 + Div. 2, combined)",366
639,"VK Cup 2016 - Round 1",364
657,"VK Cup 2016 - Round 1 (Div.1 Edition)",364
658,"VK Cup 2016 - Round 1 (Div. 2 Edition)",364
584,"Codeforces Round #324 (Div. 2)",364
675,"Codeforces Round #353 (Div. 2)",363
1204,"Codeforces Round #581 (Div. 2)",362
812,"Codeforces Round #417 (Div. 2)",361
578,"Codeforces Round #320 (Div. 1) [Bayan Thanks-Round]",359
579,"Codeforces Round #320 (Div. 2) [Bayan Thanks-Round]",359
1105,"Codeforces Round #533 (Div. 2)",356
383,"Codeforces Round #225 (Div. 1)",353
384,"Codeforces Round #225 (Div. 2)",353
1033,"Lyft Level 5 Challenge 2018 - Elimination Round",352
1037,"Manthan, Codefest 18 (rated, Div. 1 + Div. 2)",352
626,"8VC Venture Cup 2016 - Elimination Round",351
540,"Codeforces Round #301 (Div. 2)",351
289,"Codeforces Round #177 (Div. 2)",351
1166,"Codeforces Round #561 (Div. 2)",348
1103,"Codeforces Round #534 (Div. 1)",347
1104,"Codeforces Round #534 (Div. 2)",347
835,"Codeforces Round #427 (Div. 2)",347
519,"Codeforces Round #294 (Div. 2)",347
379,"Good Bye 2013",347
321,"Codeforces Round #190 (Div. 1)",347
322,"Codeforces Round #190 (Div. 2)",347
804,"Codeforces Round #411 (Div. 1)",346
761,"Codeforces Round #394 (Div. 2)",346
814,"Codeforces Round #418 (Div. 2)",345
636,"VeeRoute Marathon",344
1019,"Codeforces Round #503 (by SIS, Div. 1)",343
1020,"Codeforces Round #503 (by SIS, Div. 2)",343
1119,"Codeforces Global Round 2",341
1168,"Codeforces Round #562 (Div. 1)",340
1169,"Codeforces Round #562 (Div. 2)",340
671,"Codeforces Round #352 (Div. 1)",338
380,"Codeforces Round #223 (Div. 1)",338
381,"Codeforces Round #223 (Div. 2)",338
936,"Codeforces Round #467 (Div. 1)",335
937,"Codeforces Round #467 (Div. 2)",335
909,"Codeforces Round #455 (Div. 2)",334
317,"Codeforces Round #188 (Div. 1)",331
318,"Codeforces Round #188 (Div. 2)",331
559,"Codeforces Round #313 (Div. 1)",330
560,"Codeforces Round #313 (Div. 2)",330
1185,"Codeforces Round #568 (Div. 2)",328
643,"VK Cup 2016 - Round 3",327
673,"Codeforces Round #351 (VK Cup 2016 Round 3, Div. 2 Edition)",327
674,"Codeforces Round #351 (VK Cup 2016 Round 3, Div. 1 Edition)",327
1142,"Codeforces Round #549 (Div. 1)",325
1143,"Codeforces Round #549 (Div. 2)",325
501,"Codeforces Round #285 (Div. 2)",325
504,"Codeforces Round #285 (Div. 1)",325
768,"Divide by Zero 2017 and Codeforces Round #399 (Div. 1 + Div. 2, combined)",324
551,"Codeforces Round #307 (Div. 2)",323
283,"Codeforces Round #174 (Div. 1)",323
284,"Codeforces Round #174 (Div. 2)",323
297,"Codeforces Round #180 (Div. 1)",321
298,"Codeforces Round #180 (Div. 2)",321
154,"Codeforces Round #109 (Div. 1)",321
155,"Codeforces Round #109 (Div. 2)",321
743,"Codeforces Round #384 (Div. 2)",320
766,"Codeforces Round #396 (Div. 2)",319
532,"VK Cup 2015 - Round 2",319
533,"VK Cup 2015 - Round 2 (unofficial online mirror, Div. 1 only)",319
960,"Divide by Zero 2018 and Codeforces Round #474 (Div. 1 + Div. 2, combined)",316
724,"Intel Code Challenge Final Round (Div. 1 + Div. 2, Combined)",316
980,"Codeforces Round #480 (Div. 2)",314
625,"Codeforces Round #342 (Div. 2)",314
140,"Codeforces Round #100",314
1193,"CEOI 2019 day 2 online mirror (unrated, IOI format)",313
1192,"CEOI 2019 day 1 online mirror (unrated, IOI format)",313
725,"Canada Cup 2016",313
622,"Educational Codeforces Round 7",313
429,"Codeforces Round #245 (Div. 1)",313
430,"Codeforces Round #245 (Div. 2)",313
388,"Codeforces Round #228 (Div. 1)",313
389,"Codeforces Round #228 (Div. 2)",313
842,"Codeforces Round #430 (Div. 2)",312
878,"Codeforces Round #443 (Div. 1)",311
879,"Codeforces Round #443 (Div. 2)",311
796,"Codeforces Round #408 (Div. 2)",311
550,"Codeforces Round #306 (Div. 2)",311
1163,"Codeforces Round #558 (Div. 2)",309
893,"Educational Codeforces Round 33 (Rated for Div. 2)",309
690,"Helvetic Coding Contest 2016 online mirror (teams, unrated)",309
596,"Codeforces Round #331 (Div. 2)",309
1187,"Educational Codeforces Round 67 (Rated for Div. 2)",308
843,"AIM Tech Round 4 (Div. 1)",305
844,"AIM Tech Round 4 (Div. 2)",305
201,"Codeforces Round #127 (Div. 1)",305
202,"Codeforces Round #127 (Div. 2)",305
364,"Codeforces Round #213 (Div. 1)",304
365,"Codeforces Round #213 (Div. 2)",304
319,"Codeforces Round #189 (Div. 1)",304
320,"Codeforces Round #189 (Div. 2)",304
995,"Codeforces Round #492 (Div. 1) [Thanks, uDebug!]",303
996,"Codeforces Round #492 (Div. 2) [Thanks, uDebug!]",303
1074,"Lyft Level 5 Challenge 2018 - Final Round (Open Div. 1)",302
576,"Codeforces Round #319 (Div. 1)",302
577,"Codeforces Round #319 (Div. 2)",302
1010,"Codeforces Round #499 (Div. 1)",301
1011,"Codeforces Round #499 (Div. 2)",301
681,"Codeforces Round #357 (Div. 2)",301
915,"Educational Codeforces Round 36 (Rated for Div. 2)",298
498,"Codeforces Round #284 (Div. 1)",296
499,"Codeforces Round #284 (Div. 2)",296
630,"Experimental Educational Round: VolBIT Formulas Blitz",295
507,"Codeforces Round #287 (Div. 2)",295
557,"Codeforces Round #311 (Div. 2)",294
1059,"Codeforces Round #514 (Div. 2)",293
615,"Codeforces Round #338 (Div. 2)",291
414,"Codeforces Round #240 (Div. 1)",291
415,"Codeforces Round #240 (Div. 2)",291
809,"Codeforces Round #415 (Div. 1)",289
568,"Codeforces Round #315 (Div. 1)",289
569,"Codeforces Round #315 (Div. 2)",289
505,"Codeforces Round #286 (Div. 2)",289
765,"Codeforces Round #397 by Kaspersky Lab and Barcelona Bootcamp (Div. 1 + Div. 2 combined)",288
558,"Codeforces Round #312 (Div. 2)",288
1062,"Codeforces Round #520 (Div. 2)",287
985,"Educational Codeforces Round 44 (Rated for Div. 2)",286
771,"VK Cup 2017 - Round 1",286
790,"Codeforces Round #405 (rated, Div. 1, based on VK Cup 2017 Round 1)",286
791,"Codeforces Round #405 (rated, Div. 2, based on VK Cup 2017 Round 1)",286
711,"Codeforces Round #369 (Div. 2)",286
689,"Codeforces Round #361 (Div. 2)",284
261,"Codeforces Round #160 (Div. 1)",284
262,"Codeforces Round #160 (Div. 2)",284
346,"Codeforces Round #201 (Div. 1)",283
347,"Codeforces Round #201 (Div. 2)",283
475,"Bayan 2015 Contest Warm Up",282
1170,"Kotlin Heroes: Episode 1",280
963,"Tinkoff Internship Warmup Round 2018 and Codeforces Round #475 (Div. 1)",280
964,"Tinkoff Internship Warmup Round 2018 and Codeforces Round #475 (Div. 2)",280
920,"Educational Codeforces Round 37 (Rated for Div. 2)",280
894,"Codeforces Round #447 (Div. 2)",280
567,"Codeforces Round #Pi (Div. 2)",280
762,"Educational Codeforces Round 17",279
282,"Codeforces Round #173 (Div. 2)",279
1080,"Codeforces Round #524 (Div. 2)",276
484,"Codeforces Round #276 (Div. 1)",276
485,"Codeforces Round #276 (Div. 2)",276
925,"VK Cup 2018 - Round 3",275
966,"Codeforces Round #477 (rated, Div. 1, based on VK Cup 2018 Round 3)",275
967,"Codeforces Round #477 (rated, Div. 2, based on VK Cup 2018 Round 3)",275
781,"Codeforces Round #403 (Div. 1, based on Technocup 2017 Finals)",275
782,"Codeforces Round #403 (Div. 2, based on Technocup 2017 Finals)",275
780,"§´§Ö§ç§ß§à§Ü§å§Ò§à§Ü 2017 - §¶§Ú§ß§Ñ§Ý (§ä§à§Ý§î§Ü§à §Õ§Ý§ñ §à§ß§ã§Ñ§Û§ä-§æ§Ú§ß§Ñ§Ý§Ú§ã§ä§à§Ó)",275
997,"Codeforces Round #493 (Div. 1)",274
998,"Codeforces Round #493 (Div. 2)",274
659,"Codeforces Round #346 (Div. 2)",274
238,"Codeforces Round #148 (Div. 1)",273
239,"Codeforces Round #148 (Div. 2)",273
348,"Codeforces Round #202 (Div. 1)",272
349,"Codeforces Round #202 (Div. 2)",272
758,"Codeforces Round #392 (Div. 2)",271
713,"Codeforces Round #371 (Div. 1)",271
677,"Codeforces Round #355 (Div. 2)",271
1195,"Codeforces Round #574 (Div. 2)",269
900,"Codeforces Round #450 (Div. 2)",269
721,"Codeforces Round #374 (Div. 2)",269
377,"Codeforces Round #222 (Div. 1)",269
378,"Codeforces Round #222 (Div. 2)",269
543,"Codeforces Round #302 (Div. 1)",268
544,"Codeforces Round #302 (Div. 2)",268
1014,"Codeforces Marathon Round 2",266
712,"Codeforces Round #370 (Div. 2)",264
1005,"Codeforces Round #496 (Div. 3)",263
939,"Codeforces Round #464 (Div. 2)",263
337,"Codeforces Round #196 (Div. 2)",263
338,"Codeforces Round #196 (Div. 1)",263
274,"Codeforces Round #168 (Div. 1)",263
275,"Codeforces Round #168 (Div. 2)",263
444,"Codeforces Round #254 (Div. 1)",262
445,"Codeforces Round #254 (Div. 2)",262
372,"Codeforces Round #219 (Div. 1)",262
373,"Codeforces Round #219 (Div. 2)",262
932,"ICM Technex 2018 and Codeforces Round #463 (Div. 1 + Div. 2, combined)",261
1151,"Codeforces Round #553 (Div. 2)",260
763,"Codeforces Round #395 (Div. 1)",259
764,"Codeforces Round #395 (Div. 2)",259
1207,"Educational Codeforces Round 71 (Rated for Div. 2)",258
620,"Educational Codeforces Round 6",258
749,"Codeforces Round #388 (Div. 2)",257
629,"Codeforces Round #343 (Div. 2)",257
468,"Codeforces Round #268 (Div. 1)",256
469,"Codeforces Round #268 (Div. 2)",256
665,"Educational Codeforces Round 12",255
940,"Codeforces Round #466 (Div. 2)",253
840,"Codeforces Round #429 (Div. 1)",253
841,"Codeforces Round #429 (Div. 2)",253
476,"Codeforces Round #272 (Div. 2)",253
477,"Codeforces Round #272 (Div. 1)",253
235,"Codeforces Round #146 (Div. 1)",253
236,"Codeforces Round #146 (Div. 2)",253
754,"Codeforces Round #390 (Div. 2)",252
923,"VK Cup 2018 - Round 1",251
947,"Codeforces Round #470 (rated, Div. 1, based on VK Cup 2018 Round 1)",251
948,"Codeforces Round #470 (rated, Div. 2, based on VK Cup 2018 Round 1)",251
733,"Codeforces Round #378 (Div. 2)",251
161,"VK Cup 2012 Round 1",250
710,"Educational Codeforces Round 16",249
286,"Codeforces Round #176 (Div. 1)",249
287,"Codeforces Round #176 (Div. 2)",249
1129,"Codeforces Round #542 [Alex Lopashev Thanks-Round] (Div. 1)",248
1130,"Codeforces Round #542 [Alex Lopashev Thanks-Round] (Div. 2)",248
514,"Codeforces Round #291 (Div. 2)",248
333,"Codeforces Round #194 (Div. 1)",248
334,"Codeforces Round #194 (Div. 2)",248
1147,"Forethought Future Cup - Final Round (Onsite Finalists Only)",246
1161,"Codeforces Round #557 (Div. 1) [based on Forethought Future Cup - Final Round]",246
1162,"Codeforces Round #557 (Div. 2) [based on Forethought Future Cup - Final Round]",246
1132,"Educational Codeforces Round 61 (Rated for Div. 2)",246
631,"Codeforces Round #344 (Div. 2)",246
612,"Educational Codeforces Round 4",245
417,"RCC 2014 Warmup (Div. 2)",244
418,"RCC 2014 Warmup (Div. 1)",244
703,"Codeforces Round #365 (Div. 2)",242
1054,"Mail.Ru Cup 2018 Round 1",241
777,"Codeforces Round #401 (Div. 2)",241
958,"Helvetic Coding Contest 2018 online mirror (teams allowed, unrated)",240
875,"Codeforces Round #441 (Div. 1, by Moscow Team Olympiad)",240
876,"Codeforces Round #441 (Div. 2, by Moscow Team Olympiad)",240
798,"Codeforces Round #410 (Div. 2)",240
474,"Codeforces Round #271 (Div. 2)",240
868,"Codeforces Round #438 by Sberbank and Barcelona Bootcamp (Div. 1 + Div. 2 combined)",239
975,"Codeforces Round #478 (Div. 2)",238
1041,"Codeforces Round #509 (Div. 2)",237
988,"Codeforces Round #486 (Div. 3)",237
946,"Educational Codeforces Round 39 (Rated for Div. 2)",237
546,"Codeforces Round #304 (Div. 2)",237
375,"Codeforces Round #221 (Div. 1)",237
376,"Codeforces Round #221 (Div. 2)",237
351,"Codeforces Round #204 (Div. 1)",237
352,"Codeforces Round #204 (Div. 2)",237
135,"Codeforces Beta Round #97 (Div. 1)",237
136,"Codeforces Beta Round #97 (Div. 2)",237
949,"Codeforces Round #469 (Div. 1)",236
950,"Codeforces Round #469 (Div. 2)",236
217,"Codeforces Round #134 (Div. 1)",236
218,"Codeforces Round #134 (Div. 2)",236
853,"Codeforces Round #433 (Div. 1, based on Olympiad of Metropolises)",235
854,"Codeforces Round #433 (Div. 2, based on Olympiad of Metropolises)",235
830,"Codeforces Round #424 (Div. 1, rated, based on VK Cup Finals)",235
831,"Codeforces Round #424 (Div. 2, rated, based on VK Cup Finals)",235
226,"Codeforces Round #140 (Div. 1)",235
227,"Codeforces Round #140 (Div. 2)",235
1137,"Codeforces Round #545 (Div. 1)",234
1138,"Codeforces Round #545 (Div. 2)",234
1016,"Educational Codeforces Round 48 (Rated for Div. 2)",234
921,"AIM Tech Mini Marathon 1",234
739,"Codeforces Round #381 (Div. 1)",234
740,"Codeforces Round #381 (Div. 2)",234
600,"Educational Codeforces Round 2",234
427,"Codeforces Round #244 (Div. 2)",234
425,"Codeforces Round #243 (Div. 1)",234
424,"Codeforces Round #242 (Div. 2)",234
294,"Codeforces Round #178 (Div. 2)",234
1158,"Codeforces Round #559 (Div. 1)",233
1159,"Codeforces Round #559 (Div. 2)",233
360,"Codeforces Round #210 (Div. 1)",233
361,"Codeforces Round #210 (Div. 2)",233
296,"Codeforces Round #179 (Div. 2)",232
1023,"Codeforces Round #504 (rated, Div. 1 + Div. 2, based on VK Cup 2018 Final)",231
598,"Educational Codeforces Round 1",231
433,"Codeforces Round #248 (Div. 2)",230
434,"Codeforces Round #248 (Div. 1)",230
345,"Friday the 13th, Programmers Day",230
1160,"VRt Contest 2019 (marathon)",229
407,"Codeforces Round #239 (Div. 1)",228
408,"Codeforces Round #239 (Div. 2)",228
1194,"Educational Codeforces Round 68 (Rated for Div. 2)",227
729,"Technocup 2017 - Elimination Round 2",227
737,"Codeforces Round #380 (Div. 1, Rated, Based on Technocup 2017 - Elimination Round 2)",227
738,"Codeforces Round #380 (Div. 2, Rated, Based on Technocup 2017 - Elimination Round 2)",227
138,"Codeforces Beta Round #99 (Div. 1)",227
139,"Codeforces Beta Round #99 (Div. 2)",227
731,"Codeforces Round #376 (Div. 2)",226
487,"Codeforces Round #278 (Div. 1)",225
488,"Codeforces Round #278 (Div. 2)",225
449,"Codeforces Round #257 (Div. 1)",225
450,"Codeforces Round #257 (Div. 2)",225
691,"Educational Codeforces Round 14",224
367,"Codeforces Round #215 (Div. 1)",224
368,"Codeforces Round #215 (Div. 2)",224
313,"Codeforces Round #186 (Div. 2)",224
911,"Educational Codeforces Round 35 (Rated for Div. 2)",223
610,"Codeforces Round #337 (Div. 2)",223
508,"Codeforces Round #288 (Div. 2)",223
785,"Codeforces Round #404 (Div. 2)",222
463,"Codeforces Round #264 (Div. 2)",222
1214,"Codeforces Round #583 (Div. 1 + Div. 2, based on Olympiad of Metropolises)",221
1070,"2018-2019 ICPC, NEERC, Southern Subregional Contest (Online Mirror, ACM-ICPC Rules, Teams Preferred)",221
684,"Codeforces Marathon Round 1",221
1115,"Microsoft Q# Coding Contest - Winter 2019 - Warmup",220
839,"Codeforces Round #428 (Div. 2)",220
258,"Codeforces Round #157 (Div. 1)",220
259,"Codeforces Round #157 (Div. 2)",220
213,"Codeforces Round #131 (Div. 1)",220
214,"Codeforces Round #131 (Div. 2)",220
150,"Codeforces Round #107 (Div. 1)",218
151,"Codeforces Round #107 (Div. 2)",218
772,"VK Cup 2017 - Round 2",217
800,"Codeforces Round #409 (rated, Div. 1, based on VK Cup 2017 Round 2)",217
801,"Codeforces Round #409 (rated, Div. 2, based on VK Cup 2017 Round 2)",217
1101,"Educational Codeforces Round 58 (Rated for Div. 2)",215
339,"Codeforces Round #197 (Div. 2)",215
645,"CROC 2016 - Elimination Round",214
655,"CROC 2016 - Elimination Round  (Rated Unofficial Edition)",214
990,"Educational Codeforces Round 45 (Rated for Div. 2)",213
616,"Educational Codeforces Round 5",213
1057,"Mail.Ru Cup 2018 - Practice Round",212
864,"Codeforces Round #436 (Div. 2)",211
187,"Codeforces Round #119 (Div. 1)",211
189,"Codeforces Round #119 (Div. 2)",211
1201,"Codeforces Round #577 (Div. 2)",210
955,"Codeforces Round #471 (Div. 2)",210
439,"Codeforces Round #251 (Div. 2)",210
924,"VK Cup 2018 - Round 2",209
956,"Codeforces Round #472 (rated, Div. 1, based on VK Cup 2018 Round 2)",209
957,"Codeforces Round #472 (rated, Div. 2, based on VK Cup 2018 Round 2)",209
458,"MemSQL Start[c]UP 2.0 - Round 2 - Online Round",208
117,"Codeforces Beta Round #88",208
103,"Codeforces Beta Round #80 (Div. 1 Only)",208
104,"Codeforces Beta Round #80 (Div. 2 Only)",208
813,"Educational Codeforces Round 22",207
340,"Codeforces Round #198 (Div. 2)",207
341,"Codeforces Round #198 (Div. 1)",207
167,"Codeforces Round #114 (Div. 1)",207
168,"Codeforces Round #114 (Div. 2)",207
1030,"Technocup 2019 - Elimination Round 1",205
1053,"Codeforces Round #512 (Div. 1, based on Technocup 2019 Elimination Round 1)",205
1058,"Codeforces Round #512 (Div. 2, based on Technocup 2019 Elimination Round 1)",205
756,"8VC Venture Cup 2017 - Final Round",204
759,"Codeforces Round #393 (Div. 1) (8VC Venture Cup 2017 - Final Round Div. 1 Edition)",204
760,"Codeforces Round #393 (Div. 2) (8VC Venture Cup 2017 - Final Round Div. 2 Edition)",204
552,"Codeforces Round #308 (Div. 2)",204
343,"Codeforces Round #200 (Div. 1)",204
344,"Codeforces Round #200 (Div. 2)",204
1131,"Codeforces Round #541 (Div. 2)",203
1102,"Codeforces Round #531 (Div. 3)",203
983,"Codeforces Round #483 (Div. 1) [Thanks, Botan Investments and Victor Shaburov!]",203
984,"Codeforces Round #483 (Div. 2) [Thanks, Botan Investments and Victor Shaburov!]",203
570,"Codeforces Round #316 (Div. 2)",203
534,"Codeforces Round #298 (Div. 2)",203
938,"Educational Codeforces Round 38 (Rated for Div. 2)",202
865,"MemSQL Start[c]UP 3.0 - Round 2 (onsite finalists)",202
866,"MemSQL Start[c]UP 3.0 - Round 2 and Codeforces Round #437 (Div. 1)",202
867,"Codeforces Round #437 (Div. 2, based on MemSQL Start[c]UP 3.0 - Round 2)",202
256,"Codeforces Round #156 (Div. 1)",202
255,"Codeforces Round #156 (Div. 2)",202
898,"Codeforces Round #451 (Div. 2)",201
776,"ICM Technex 2017 and Codeforces Round #400 (Div. 1 + Div. 2, combined)",201
327,"Codeforces Round #191 (Div. 2)",201
232,"Codeforces Round #144 (Div. 1)",201
233,"Codeforces Round #144 (Div. 2)",201
1154,"Codeforces Round #552 (Div. 3)",200
628,"Educational Codeforces Round 8",200
314,"Codeforces Round #187 (Div. 1)",200
315,"Codeforces Round #187 (Div. 2)",200
126,"Codeforces Beta Round #93 (Div. 1 Only)",200
127,"Codeforces Beta Round #93 (Div. 2 Only)",200
962,"Educational Codeforces Round 42 (Rated for Div. 2)",199
1056,"Mail.Ru Cup 2018 Round 3",198
446,"Codeforces Round #FF (Div. 1)",198
447,"Codeforces Round #FF (Div. 2)",198
87,"Codeforces Beta Round #73 (Div. 1 Only)",198
88,"Codeforces Beta Round #73 (Div. 2 Only)",198
653,"IndiaHacks 2016 - Online Edition (Div. 1 + Div. 2)",197
633,"Manthan, Codefest 16",196
1006,"Codeforces Round #498 (Div. 3)",195
566,"VK Cup 2015 - Finals, online mirror",195
562,"VK Cup 2015 - Finals",195
272,"Codeforces Round #167 (Div. 2)",195
273,"Codeforces Round #167 (Div. 1)",195
1164,"Mathforces: Tech Scouts Online Test 2018 (just fun and practice, unofficial, unrated)",194
1063,"Codeforces Round #516 (Div. 1, by Moscow Team Olympiad)",194
1064,"Codeforces Round #516 (Div. 2, by Moscow Team Olympiad)",194
632,"Educational Codeforces Round 9",193
220,"Codeforces Round #136 (Div. 1)",193
221,"Codeforces Round #136 (Div. 2)",193
1198,"Codeforces Round #576 (Div. 1)",192
1199,"Codeforces Round #576 (Div. 2)",192
652,"Educational Codeforces Round 10",192
585,"Codeforces Round #325 (Div. 1)",192
580,"Codeforces Round #321 (Div. 2)",191
482,"Codeforces Round #275 (Div. 1)",191
483,"Codeforces Round #275 (Div. 2)",191
269,"Codeforces Round #165 (Div. 1)",191
270,"Codeforces Round #165 (Div. 2)",191
358,"Codeforces Round #208 (Div. 2)",189
268,"Codeforces Round #164 (Div. 2)",189
870,"Technocup 2018 - Elimination Round 2",188
871,"Codeforces Round #440 (Div. 1, based on Technocup 2018 Elimination Round 2)",188
872,"Codeforces Round #440 (Div. 2, based on Technocup 2018 Elimination Round 2)",188
1181,"Codeforces Round #567 (Div. 2)",187
877,"Codeforces Round #442 (Div. 2)",187
850,"Codeforces Round #432 (Div. 1, based on IndiaHacks Final Round 2017)",187
851,"Codeforces Round #432 (Div. 2, based on IndiaHacks Final Round 2017)",187
89,"Codeforces Beta Round #74 (Div. 1 Only)",187
90,"Codeforces Beta Round #74 (Div. 2 Only)",187
792,"Educational Codeforces Round 18",186
280,"Codeforces Round #172 (Div. 1)",186
281,"Codeforces Round #172 (Div. 2)",186
678,"Educational Codeforces Round 13",185
954,"Educational Codeforces Round 40 (Rated for Div. 2)",184
518,"Codeforces Round #293 (Div. 2)",184
74,"Codeforces Beta Round #68",183
1000,"Educational Codeforces Round 46 (Rated for Div. 2)",182
723,"Codeforces Round #375 (Div. 2)",182
1175,"Educational Codeforces Round 66 (Rated for Div. 2)",181
982,"Codeforces Round #484 (Div. 2)",181
748,"Technocup 2017 - Elimination Round 3",181
752,"Codeforces Round #389 (Div. 2, Rated, Based on Technocup 2017 - Elimination Round 3)",181
173,"Croc Champ 2012 - Round 1",181
1118,"Codeforces Round #540 (Div. 3)",180
1055,"Mail.Ru Cup 2018 Round 2",180
385,"Codeforces Round #226 (Div. 2)",180
82,"Yandex.Algorithm 2011<br>Qualification 2",180
1213,"Codeforces Round #582 (Div. 3)",179
746,"Codeforces Round #386 (Div. 2)",179
855,"Manthan, Codefest 17",178
803,"Educational Codeforces Round 20",178
1183,"Codeforces Round #570 (Div. 3)",177
818,"Educational Codeforces Round 24",177
774,"VK Cup 2017 - Wild Card Round 1",177
795,"VK Cup 2017 - Wild Card Round 1 (Unofficial Public Mirror)",177
486,"Codeforces Round #277 (Div. 2)",177
77,"Codeforces Beta Round #69 (Div. 1 Only)",177
80,"Codeforces Beta Round #69 (Div. 2 Only)",177
1157,"Codeforces Round #555 (Div. 3)",176
976,"Educational Codeforces Round 43 (Rated for Div. 2)",176
525,"Codeforces Round #297 (Div. 2)",175
229,"Codeforces Round #142 (Div. 1)",175
230,"Codeforces Round #142 (Div. 2)",175
545,"Codeforces Round #303 (Div. 2)",174
1089,"2018-2019 ICPC, NEERC, Northern Eurasia Finals (Unrated, Online Mirror, ICPC Rules, Teams Preferred)",173
331,"ABBYY Cup 3.0 - Finals (online version)",173
324,"ABBYY Cup 3.0 - Finals",173
316,"ABBYY Cup 3.0",173
277,"Codeforces Round #170 (Div. 1)",173
278,"Codeforces Round #170 (Div. 2)",173
251,"Codeforces Round #153 (Div. 1)",173
252,"Codeforces Round #153 (Div. 2)",173
1197,"Educational Codeforces Round 69 (Rated for Div. 2)",172
961,"Educational Codeforces Round 41 (Rated for Div. 2)",172
896,"Codeforces Round #449 (Div. 1)",172
897,"Codeforces Round #449 (Div. 2)",172
863,"Educational Codeforces Round 29",172
999,"Codeforces Round #490 (Div. 3)",171
1083,"Codeforces Round #526 (Div. 1)",170
1084,"Codeforces Round #526 (Div. 2)",170
1042,"Codeforces Round #510 (Div. 2)",170
1144,"Codeforces Round #550 (Div. 3)",168
1009,"Educational Codeforces Round 47 (Rated for Div. 2)",168
196,"Codeforces Round #124 (Div. 1)",168
197,"Codeforces Round #124 (Div. 2)",168
1140,"Educational Codeforces Round 62 (Rated for Div. 2)",167
451,"Codeforces Round #258 (Div. 2)",167
825,"Educational Codeforces Round 25",166
153,"Surprise Language Round #5",166
148,"Codeforces Round #105 (Div. 2)",166
627,"8VC Venture Cup 2016 - Final Round",165
634,"8VC Venture Cup 2016 - Final Round (Div. 1 Edition)",165
635,"8VC Venture Cup 2016 - Final Round (Div. 2 Edition)",165
382,"Codeforces Round #224 (Div. 2)",165
325,"MemSQL start[c]up Round 1",165
537,"VK Cup 2015 - Wild Card Round 2",164
300,"Codeforces Round #181 (Div. 2)",164
581,"Codeforces Round #322 (Div. 2)",163
459,"Codeforces Round #261 (Div. 2)",163
432,"Codeforces Round #246 (Div. 2)",163
260,"Codeforces Round #158 (Div. 2)",163
163,"VK Cup 2012 Round 2",163
169,"VK Cup 2012 Round 2 (Unofficial Div. 2 Edition)",163
1027,"Educational Codeforces Round 49 (Rated for Div. 2)",160
660,"Educational Codeforces Round 11",160
128,"Codeforces Beta Round #94 (Div. 1 Only)",160
129,"Codeforces Beta Round #94 (Div. 2 Only)",160
95,"Codeforces Beta Round #77 (Div. 1 Only)",160
96,"Codeforces Beta Round #77 (Div. 2 Only)",160
899,"Codeforces Round #452 (Div. 2)",159
460,"Codeforces Round #262 (Div. 2)",159
301,"Codeforces Round #182 (Div. 1)",158
302,"Codeforces Round #182 (Div. 2)",158
1034,"Codeforces Round #511 (Div. 1)",157
1047,"Codeforces Round #511 (Div. 2)",157
1015,"Codeforces Round #501 (Div. 3)",157
702,"Educational Codeforces Round 15",157
91,"Codeforces Beta Round #75 (Div. 1 Only)",157
92,"Codeforces Beta Round #75 (Div. 2 Only)",157
930,"Codeforces Round #468 (Div. 1, based on Technocup 2018 Final Round)",156
931,"Codeforces Round #468 (Div. 2, based on Technocup 2018 Final Round)",156
944,"§´§Ö§ç§ß§à§Ü§å§Ò§à§Ü 2018 - §¶§Ú§ß§Ñ§Ý (§ä§à§Ý§î§Ü§à §Õ§Ý§ñ §à§ß§ã§Ñ§Û§ä-§æ§Ú§ß§Ñ§Ý§Ú§ã§ä§à§Ó)",156
509,"Codeforces Round #289 (Div. 2, ACM ICPC Rules)",155
79,"Codeforces Beta Round #71",155
470,"Surprise Language Round #7",153
60,"Codeforces Beta Round #56",153
466,"Codeforces Round #266 (Div. 2)",152
356,"Codeforces Round #207 (Div. 1)",152
357,"Codeforces Round #207 (Div. 2)",152
852,"Bubble Cup X - Finals [Online Mirror]",151
817,"Educational Codeforces Round 23",151
234,"Codeforces Round #145 (Div. 2, ACM-ICPC Rules)",151
240,"Codeforces Round #145 (Div. 1, ACM-ICPC Rules)",151
1133,"Codeforces Round #544 (Div. 3)",150
478,"Codeforces Round #273 (Div. 2)",150
70,"Codeforces Beta Round #64",150
811,"Codeforces Round #416 (Div. 2)",149
490,"Codeforces Round #279 (Div. 2)",149
1096,"Educational Codeforces Round 57 (Rated for Div. 2)",148
404,"Codeforces Round #237 (Div. 2)",148
1045,"Bubble Cup 11 - Finals [Online Mirror, Div. 1]",147
1046,"Bubble Cup 11 - Finals [Online Mirror, Div. 2]",147
467,"Codeforces Round #267 (Div. 2)",147
305,"Codeforces Round #184 (Div. 2)",147
141,"Codeforces Round #101 (Div. 2)",147
1176,"Codeforces Round #565 (Div. 3)",146
732,"Codeforces Round #377 (Div. 2)",146
717,"Bubble Cup 9 - Finals [Online Mirror]",146
1051,"Educational Codeforces Round 51 (Rated for Div. 2)",145
144,"Codeforces Round #103 (Div. 2)",145
1116,"Microsoft Q# Coding Contest - Winter 2019",144
1117,"Educational Codeforces Round 60 (Rated for Div. 2)",144
350,"Codeforces Round #203 (Div. 2)",144
266,"Codeforces Round #163 (Div. 2)",143
145,"Codeforces Round #104 (Div. 1)",143
146,"Codeforces Round #104 (Div. 2)",143
1093,"Educational Codeforces Round 56 (Rated for Div. 2)",142
223,"Codeforces Round #138 (Div. 1)",142
224,"Codeforces Round #138 (Div. 2)",142
130,"Unknown Language Round #4",142
1095,"Codeforces Round #529 (Div. 3)",141
137,"Codeforces Beta Round #98 (Div. 2)",141
530,"VK Cup 2015 - Wild Card Round 1",140
531,"VK Cup 2015 - Wild Card Round 1 (Online Mirror)",140
402,"Codeforces Round #236 (Div. 2)",140
403,"Codeforces Round #236 (Div. 1)",140
366,"Codeforces Round #214 (Div. 2)",140
171,"April Fools Day Contest",140
1203,"Codeforces Round #579 (Div. 3)",139
873,"Educational Codeforces Round 30",139
753,"Testing Round #13",139
730,"2016-2017 ACM-ICPC, NEERC, Southern Subregional Contest (Online Mirror, ACM-ICPC Rules, Teams Preferred)",139
1077,"Codeforces Round #521 (Div. 3)",138
457,"MemSQL Start[c]UP 2.0 - Round 2",138
448,"Codeforces Round #256 (Div. 2)",138
431,"Codeforces Round #247 (Div. 2)",138
326,"MemSQL start[c]up Round 2",138
335,"MemSQL start[c]up Round 2 - online version",138
198,"Codeforces Round #125 (Div. 1)",138
199,"Codeforces Round #125 (Div. 2)",138
978,"Codeforces Round #481 (Div. 3)",137
609,"Educational Codeforces Round 3",137
529,"VK Cup 2015 - Round 1 (unofficial online mirror, Div. 1 only)",137
524,"VK Cup 2015 - Round 1",137
479,"Codeforces Round #274 (Div. 2)",137
480,"Codeforces Round #274 (Div. 1)",137
231,"Codeforces Round #143 (Div. 2)",137
204,"Codeforces Round #129 (Div. 1)",137
205,"Codeforces Round #129 (Div. 2)",137
884,"Educational Codeforces Round 31",136
279,"Codeforces Round #171 (Div. 2)",136
1108,"Codeforces Round #535 (Div. 3)",135
1065,"Educational Codeforces Round 52 (Rated for Div. 2)",135
838,"IndiaHacks 2nd Elimination 2017 (unofficial, unrated mirror, ICPC rules)",135
767,"Codeforces Round #398 (Div. 2)",135
492,"Codeforces Round #280 (Div. 2)",135
416,"Codeforces Round #241 (Div. 2)",135
132,"Codeforces Beta Round #96 (Div. 1)",135
133,"Codeforces Beta Round #96 (Div. 2)",135
797,"Educational Codeforces Round 19",134
332,"Codeforces Round #193 (Div. 2)",134
68,"Codeforces Beta Round #62",134
65,"Codeforces Beta Round #60",134
354,"Codeforces Round #206 (Div. 1)",133
355,"Codeforces Round #206 (Div. 2)",133
435,"Codeforces Round #249 (Div. 2)",132
1036,"Educational Codeforces Round 50 (Rated for Div. 2)",131
1092,"Codeforces Round #527 (Div. 3)",130
1073,"Educational Codeforces Round 53 (Rated for Div. 2)",129
149,"Codeforces Round #106 (Div. 2)",129
97,"Yandex.Algorithm 2011<br>Finals",129
303,"Codeforces Round #183 (Div. 1)",128
304,"Codeforces Round #183 (Div. 2)",128
493,"Codeforces Round #281 (Div. 2)",127
1217,"Educational Codeforces Round 72 (Rated for Div. 2)",126
1029,"Codeforces Round #506 (Div. 3)",126
993,"Codeforces Round #488 by NEAR (Div. 1)",125
994,"Codeforces Round #488 by NEAR (Div. 2)",125
121,"Codeforces Beta Round #91 (Div. 1 Only)",125
122,"Codeforces Beta Round #91 (Div. 2 Only)",125
120,"School Regional Team Contest, Saratov, 2011",125
1155,"Educational Codeforces Round 63 (Rated for Div. 2)",124
845,"Educational Codeforces Round 27",124
593,"Codeforces Round #329 (Div. 2)",124
1052,"Huawei Honorcup Marathon 1",123
888,"Educational Codeforces Round 32",123
883,"2017-2018 ACM-ICPC, NEERC, Southern Subregional Contest (Online Mirror, ACM-ICPC Rules, Teams Preferred)",122
1148,"Codeforces Global Round 3",121
663,"Codeforces Round #347 (Div. 1)",121
664,"Codeforces Round #347 (Div. 2)",121
662,"CROC 2016 - Final Round [Private, For Onsite Finalists Only]",121
400,"Codeforces Round #234 (Div. 2)",121
309,"Croc Champ 2013 - Finals (online version, Div. 1)",121
308,"Croc Champ 2013 - Finals",121
276,"Codeforces Round #169 (Div. 2)",121
267,"Codeforces Testing Round #5",118
241,"Bayan 2012-2013 Elimination Round (ACM ICPC Rules, English statements)",118
165,"Codeforces Round #112 (Div. 2)",118
156,"Codeforces Round #110 (Div. 1)",118
157,"Codeforces Round #110 (Div. 2)",118
1082,"Educational Codeforces Round 55 (Rated for Div. 2)",117
775,"VK Cup 2017 - Wild Card Round 2",117
522,"VK Cup 2015 - Qualification Round 1",117
704,"Codeforces Round #366 (Div. 1)",116
644,"CROC 2016 - Qualification",116
575,"Bubble Cup 8 - Finals [Online Mirror]",116
243,"Codeforces Round #150 (Div. 1)",116
244,"Codeforces Round #150 (Div. 2)",116
101,"Codeforces Beta Round #79 (Div. 1 Only)",116
102,"Codeforces Beta Round #79 (Div. 2 Only)",116
85,"Yandex.Algorithm 2011<br>Round 1",116
1031,"Technocup 2019 - Elimination Round 2",115
1071,"Codeforces Round #517 (Div. 1, based on Technocup 2019 Elimination Round 2)",115
1072,"Codeforces Round #517 (Div. 2, based on Technocup 2019 Elimination Round 2)",115
441,"Codeforces Round #252 (Div. 2)",115
362,"Codeforces Round #212 (Div. 2)",115
222,"Codeforces Round #137 (Div. 2)",115
176,"Croc Champ 2012 - Round 2",115
181,"Croc Champ 2012 - Round 2 (Unofficial Div. 2 Edition)",115
66,"Codeforces Beta Round #61 (Div. 2)",115
401,"Codeforces Round #235 (Div. 2)",114
86,"Yandex.Algorithm 2011<br>Round 2",114
1085,"Technocup 2019 - Elimination Round 4",113
1086,"Codeforces Round #528 (Div. 1, based on Technocup 2019 Elimination Round 4)",113
1087,"Codeforces Round #528 (Div. 2, based on Technocup 2019 Elimination Round 4)",113
856,"Russian Code Cup 2017 - Finals [Unofficial Mirror, Div. 1 Only Recommended, Teams Allowed]",113
846,"Educational Codeforces Round 28",113
216,"Codeforces Round #133 (Div. 2)",113
926,"VK Cup 2018 - Wild-card Round 1",112
953,"VK Cup 2018 - Wild-card Round 1 (unofficial unrated mirror)",112
735,"Codeforces Round #382 (Div. 2)",111
736,"Codeforces Round #382 (Div. 1)",111
81,"Yandex.Algorithm Open 2011<br>Qualification 1",111
951,"VK Cup 2018 - Final",108
1003,"Codeforces Round #494 (Div. 3)",108
293,"Croc Champ 2013 - Round 2",108
299,"Croc Champ 2013 - Round 2 (Div. 2 Edition)",108
295,"Codeforces Round #179 (Div. 1)",108
203,"Codeforces Round #128 (Div. 2)",108
1076,"Educational Codeforces Round 54 (Rated for Div. 2)",107
353,"Codeforces Round #205 (Div. 2)",107
191,"Codeforces Round #121 (Div. 1)",107
802,"Helvetic Coding Contest 2017 online mirror (teams allowed, unrated)",105
386,"Testing Round #9",105
837,"Educational Codeforces Round 26",104
821,"Codeforces Round #420 (Div. 2)",104
641,"VK Cup 2016 - Round 2",104
668,"Codeforces Round #348 (VK Cup 2016 Round 2, Div. 1 Edition)",104
669,"Codeforces Round #348 (VK Cup 2016 Round 2, Div. 2 Edition)",104
200,"Codeforces Round #126 (Div. 2)",104
291,"Croc Champ 2013 - Qualification Round",103
164,"VK Cup 2012 Round 3",103
174,"VK Cup 2012 Round 3 (Unofficial Div. 2 Edition)",103
208,"Codeforces Round #130 (Div. 2)",102
71,"Codeforces Beta Round #65 (Div. 2)",102
979,"Codeforces Round #482 (Div. 2)",101
387,"Codeforces Round #227 (Div. 2)",101
491,"Testing Round #11",100
219,"Codeforces Round #135 (Div. 2)",100
594,"Codeforces Round #330 (Div. 1)",99
440,"Testing Round #10",99
75,"Codeforces Beta Round #67 (Div. 2)",99
1066,"Codeforces Round #515 (Div. 3)",98
927,"VK Cup 2018 - Wild-card Round 2",98
246,"Codeforces Round #151 (Div. 2)",98
183,"Croc Champ 2012 - Final",97
118,"Codeforces Beta Round #89 (Div. 2)",96
152,"Codeforces Round #108 (Div. 2)",95
54,"Codeforces Beta Round #50",95
242,"Codeforces Round #149 (Div. 2)",93
83,"Codeforces Beta Round #72 (Div. 1 Only)",93
84,"Codeforces Beta Round #72 (Div. 2 Only)",93
1167,"Educational Codeforces Round 65 (Rated for Div. 2)",92
727,"Technocup 2017 - Elimination Round 1 (Unofficially Open for Everyone, Rated for Div. 2)",92
237,"Codeforces Round #147 (Div. 2)",92
147,"Codeforces Testing Round #4",92
1090,"2018-2019 Russia Open High School Programming Contest (Unrated, Online Mirror, ICPC Rules, Teams Preferred)",91
1025,"Codeforces Round #505 (rated, Div. 1 + Div. 2, based on VK Cup 2018 Final)",91
63,"Codeforces Beta Round #59 (Div. 2)",91
720,"Russian Code Cup 2016 - Finals [Unofficial Mirror, Div. 1 Only Recommended]",90
336,"Codeforces Round #195 (Div. 2)",90
142,"Codeforces Round #102 (Div. 1)",90
143,"Codeforces Round #102 (Div. 2)",90
285,"Codeforces Round #175 (Div. 2)",89
245,"CROC-MBTU 2012, Elimination Round (ACM-ICPC)",88
225,"Codeforces Round #139 (Div. 2)",88
93,"Codeforces Beta Round #76 (Div. 1 Only)",88
94,"Codeforces Beta Round #76 (Div. 2 Only)",88
342,"Codeforces Round #199 (Div. 2)",86
263,"Codeforces Round #161 (Div. 2)",86
257,"Codeforces Round #159 (Div. 2)",86
1211,"Kotlin Heroes: Episode 2",85
1212,"Kotlin Heroes: Practice 2",85
48,"School Personal Contest #3 (Winter Computer School 2010/11)<br>-<br>Codeforces Beta Round #45 (ACM-ICPC Rules)",85
215,"Codeforces Round #132 (Div. 2)",84
57,"Codeforces Beta Round #53",84
640,"VK Cup 2016 - Wild Card Round 1",82
661,"VK Cup 2016 - Wild Card Round 1 (Unofficial Open Online Mirror)",82
158,"VK Cup 2012 Qualification Round 1",82
413,"Coder-Strike 2014 - Round 2",81
369,"Codeforces Round #216 (Div. 2)",81
254,"Codeforces Round #155 (Div. 2)",81
253,"Codeforces Round #154 (Div. 2)",81
134,"Codeforces Testing Round #3",81
64,"Unknown Language Round #1",81
419,"Coder-Strike 2014 - Finals",80
420,"Coder-Strike 2014 - Finals (online edition, Div. 1)",80
421,"Coder-Strike 2014 - Finals (online edition, Div. 2)",80
160,"Codeforces Round #111 (Div. 2)",80
188,"Surprise Language Round #6",79
123,"Codeforces Beta Round #92 (Div. 1 Only)",79
124,"Codeforces Beta Round #92 (Div. 2 Only)",79
37,"Codeforces Beta Round #37",79
162,"VK Cup 2012 Wild-card Round 1",78
228,"Codeforces Round #141 (Div. 2)",77
371,"Codeforces Round #218 (Div. 2)",76
212,"VK Cup 2012 Finals (unofficial online-version)",76
211,"VK Cup 2012 Finals",76
209,"VK Cup 2012 Finals, Practice Session",76
1107,"Educational Codeforces Round 59 (Rated for Div. 2)",75
391,"Rockethon 2014",75
248,"Codeforces Round #152 (Div. 2)",75
249,"Codeforces Round #152 (Div. 1)",75
207,"Abbyy Cup 2.0 - Final (unofficial)",75
206,"Abbyy Cup 2.0 - Final",75
178,"ABBYY Cup 2.0 - Hard",75
131,"Codeforces Beta Round #95 (Div. 2)",75
67,"Manthan 2011",75
28,"Codeforces Beta Round #28 (Codeforces format)",75
271,"Codeforces Round #166 (Div. 2)",74
55,"Codeforces Beta Round #51",74
359,"Codeforces Round #209 (Div. 2)",72
175,"Codeforces Round #115",71
166,"Codeforces Round #113 (Div. 2)",71
76,"All-Ukrainian School Olympiad in Informatics",69
40,"Codeforces Beta Round #39",66
195,"Codeforces Round #123 (Div. 2)",64
78,"Codeforces Beta Round #70 (Div. 2)",64
51,"Codeforces Beta Round #48",64
125,"Codeforces Testing Round #2",63
847,"2017-2018 ACM-ICPC, NEERC, Southern Subregional Contest, qualification stage (Online Mirror, ACM-ICPC Rules, Teams Preferred)",61
770,"VK Cup 2017 - Qualification 2",61
412,"Coder-Strike 2014 - Round 1",61
73,"Codeforces Beta Round #66",61
100,"Unknown Language Round #3",60
250,"CROC-MBTU 2012, Final Round (Online version, Div. 2)",59
247,"CROC-MBTU 2012, Final Round",59
159,"VK Cup 2012 Qualification Round 2",59
306,"Testing Round #6",58
24,"Codeforces Beta Round #24",58
904,"§´§Ö§ç§ß§à§Ü§å§Ò§à§Ü 2018 - §°§ä§Ò§à§â§à§é§ß§í§Û §²§Ñ§å§ß§Õ 4",57
906,"Codeforces Round #454 (Div. 1, based on Technocup 2018 Elimination Round 4)",57
907,"Codeforces Round #454 (Div. 2, based on Technocup 2018 Elimination Round 4)",57
323,"Testing Round #7",57
190,"Codeforces Round #120 (Div. 2)",56
928,"VK Cup 2018 - §¬§Ó§Ñ§Ý§Ú§æ§Ú§Ü§Ñ§è§Ú§ñ 1",53
311,"Codeforces Round #185 (Div. 1)",53
312,"Codeforces Round #185 (Div. 2)",53
903,"Educational Codeforces Round 34 (Rated for Div. 2)",52
370,"Codeforces Round #217 (Div. 2)",52
170,"VK Cup 2012 Wild-card Round 2",52
119,"Codeforces Beta Round #90",52
72,"Unknown Language Round #2",52
769,"VK Cup 2017 - Qualification 1",51
69,"Codeforces Beta Round #63 (Div. 2)",51
59,"Codeforces Beta Round #55 (Div. 2)",51
30,"Codeforces Beta Round #30 (Codeforces format)",50
52,"Codeforces Testing Round #1",49
50,"Codeforces Beta Round #47",49
58,"Codeforces Beta Round #54 (Div. 2)",47
638,"VK Cup 2016 - Qualification Round 2",46
34,"Codeforces Beta Round #34 (Div. 2)",46
19,"Codeforces Beta Round #19",46
182,"Codeforces Round #117 (Div. 2)",45
819,"Codeforces Round #421 (Div. 1)",43
820,"Codeforces Round #421 (Div. 2)",43
98,"Codeforces Beta Round #78 (Div. 1 Only)",42
99,"Codeforces Beta Round #78 (Div. 2 Only)",42
411,"Coder-Strike 2014 - Qualification Round",41
38,"School Personal Contest #1 (Winter Computer School 2010/11)<br/>-<br/>Codeforces Beta Round #38 (ACM-ICPC Rules)",41
33,"Codeforces Beta Round #33 (Codeforces format)",41
292,"Croc Champ 2013 - Round 1",40
46,"School Personal Contest #2 (Winter Computer School 2010/11)<br>-<br>Codeforces Beta Round #43 (ACM-ICPC Rules)",40
42,"Codeforces Beta Round #41",40
62,"Codeforces Beta Round #58",38
53,"Codeforces Beta Round #49 (Div. 2)",38
1177,"Testing Round #15 (Unrated)",36
26,"Codeforces Beta Round #26 (Codeforces format)",35
25,"Codeforces Beta Round #25 (Div. 2 Only)",35
18,"Codeforces Beta Round #18 (Div. 2 Only)",35
374,"Codeforces Round #220 (Div. 2)",34
13,"Codeforces Beta Round #13",34
172,"Croc Champ 2012 - Qualification Round",33
177,"ABBYY Cup 2.0 - Easy",31
61,"Codeforces Beta Round #57 (Div. 2)",31
17,"Codeforces Beta Round #17",31
15,"Codeforces Beta Round #15",31
523,"VK Cup 2015 - Qualification Round 2",30
11,"Codeforces Beta Round #11",30
1067,"Codeforces Round #518 (Div. 1) [Thanks, Mail.Ru!]",29
1068,"Codeforces Round #518 (Div. 2) [Thanks, Mail.Ru!]",29
39,"School Team Contest #1 (Winter Computer School 2010/11)",29
43,"Codeforces Beta Round #42 (Div. 2)",27
36,"Codeforces Beta Round #36",27
35,"Codeforces Beta Round #35 (Div. 2)",27
16,"Codeforces Beta Round #16 (Div. 2 Only)",27
185,"Codeforces Round #118 (Div. 1)",26
186,"Codeforces Round #118 (Div. 2)",26
180,"Codeforces Round #116 (Div. 2, ACM-ICPC Rules)",25
23,"Codeforces Beta Round #23",25
649,"§´§Ö§ç§ß§à§Ü§å§Ò§à§Ü 2016 - §°§ä§Ò§à§â§à§é§ß§í§Û §²§Ñ§å§ß§Õ 2",24
328,"Testing Round #8",24
44,"School Team Contest #2 (Winter Computer School 2010/11)",23
22,"Codeforces Beta Round #22 (Div. 2 Only)",23
9,"Codeforces Beta Round #9 (Div. 2 Only)",23
49,"Codeforces Beta Round #46 (Div. 2)",22
8,"Codeforces Beta Round #8",22
10,"Codeforces Beta Round #10",21
7,"Codeforces Beta Round #7",19
21,"Codeforces Alpha Round #21 (Codeforces format)",18
5,"Codeforces Beta Round #5",17
56,"Codeforces Beta Round #52 (Div. 2)",16
47,"Codeforces Beta Round #44 (Div. 2)",15
14,"Codeforces Beta Round #14 (Div. 2)",15
32,"Codeforces Beta Round #32 (Div. 2, Codeforces format)",14
45,"School Team Contest #3 (Winter Computer School 2010/11)",13
27,"Codeforces Beta Round #27 (Codeforces format, Div. 2)",13
113,"Codeforces Beta Round #86 (Div. 1 Only)",12
114,"Codeforces Beta Round #86 (Div. 2 Only)",12
647,"§´§Ö§ç§ß§à§Ü§å§Ò§à§Ü 2016 - §°§Ù§ß§Ñ§Ü§à§Þ§Ú§ä§Ö§Ý§î§ß§í§Û §²§Ñ§å§ß§Õ 2",11
20,"Codeforces Alpha Round #20 (Codeforces format)",11
29,"Codeforces Beta Round #29 (Div. 2, Codeforces format)",9
12,"Codeforces Beta Round #12 (Div 2 Only)",9
41,"Codeforces Beta Round #40 (Div. 2)",8
4,"Codeforces Beta Round #4 (Div. 2 Only)",6
3,"Codeforces Beta Round #3",6
115,"Codeforces Beta Round #87 (Div. 1 Only)",5
116,"Codeforces Beta Round #87 (Div. 2 Only)",5
6,"Codeforces Beta Round #6 (Div. 2 Only)",1
2,"Codeforces Beta Round #2",1
1,"Codeforces Beta Round #1",1
111,"Codeforces Beta Round #85 (Div. 1 Only)",0
112,"Codeforces Beta Round #85 (Div. 2 Only)",0
109,"Codeforces Beta Round #84 (Div. 1 Only)",0
110,"Codeforces Beta Round #84 (Div. 2 Only)",0
107,"Codeforces Beta Round #83 (Div. 1 Only)",0
108,"Codeforces Beta Round #83 (Div. 2 Only)",0
106,"Codeforces Beta Round #82 (Div. 2)",0
31,"Codeforces Beta Round #31 (Div. 2, Codeforces format)",-3
105,"Codeforces Beta Round #81",-7
1039,"Codeforces Round #507 (Div. 1, based on Olympiad of Metropolises)",-20
1040,"Codeforces Round #507 (Div. 2, based on Olympiad of Metropolises)",-20
1111,"CodeCraft-19 and Codeforces Round #537 (Div. 2)",-128
1032,"Technocup 2019 - Elimination Round 3",-157
1078,"Codeforces Round #522 (Div. 1, based on Technocup 2019 Elimination Round 3)",-157
1079,"Codeforces Round #522 (Div. 2, based on Technocup 2019 Elimination Round 3)",-157
1156,"Educational Codeforces Round 64 (Rated for Div. 2)",-164
1202,"Educational Codeforces Round 70 (Rated for Div. 2)",-208
916,"Codeforces Round #457 (Div. 2)",-251
887,"Codeforces Round #444 (Div. 2)",-479
1186,"Codeforces Round #571 (Div. 2)",-802
1120,"Codeforces Round #543 (Div. 1, based on Technocup 2019 Final Round)",-2123
1121,"Codeforces Round #543 (Div. 2, based on Technocup 2019 Final Round)",-2123
1112,"Technocup 2019 - Final",-2123
